Workbook

Sheet Carte
A1: Aux Saveurs Braisées · La carte
A2: Source : document « Menu Aux Saveurs Braisées - 2023 » fourni par le restaurant. Prix nets en euros, service compris.
A4: Catégorie | B4: Plat | C4: Précision | D4: Prix (€)
A5: Formules | B5: Formule midi : Entrée + Plat + Dessert | C5: Du mardi au vendredi midi, sauf jours fériés. | D5: 16.9
A6: Formules | B6: Formule midi : Entrée + Plat ou Plat + Dessert | C6: Du mardi au vendredi midi, sauf jours fériés. | D6: 14.9
A7: Formules | B7: Menu enfant : Steak / Frites | C7: Jusqu'à 10 ans. Sirop au choix, steak frites et 1 boule de glace. | D7: 9.9
A8: Formules | B8: Menu enfant : Pâtes au saumon | C8: Jusqu'à 10 ans. Sirop au choix, pâtes au saumon et 1 boule de glace. | D8: 9.9
A9: À partager | B9: Bruschetta | C9: Magret, foie gras, oignons confits. | D9: 9
A10: À partager | B10: Poulet pané | D10: 7
A11: À partager | B11: L'os à moelle | C11: Supplément foie gras : 4 €. | D11: 6
A12: À partager | B12: Trilogie de croquetas | C12: Morue, jambon, cèpes. | D12: 9
A13: À partager | B13: Ardoise de charcuterie | D13: 17
A14: À partager | B14: Œuf poché | D14: 7
A15: À partager | B15: Foie gras | D15: 13
A16: À partager | B16: Patatas bravas | D16: 5
A17: À partager | B17: Pan con tomate | C17: Supplément Serrano : 4 €. | D17: 5
A18: À partager | B18: Burrata | D18: 7
A19: Mer | B19: Couteaux | D19: 7
A20: Mer | B20: Encornets | D20: 8
A21: Mer | B21: Gambas | D21: 11
A22: Salades | B22: Salade Méditerranée | C22: Couteaux, Saint-Jacques, encornets, gambas. | D22: 16
A23: Salades | B23: Salade Gersoise | C23: Foie gras, magret grillé, gésier confit, noix. | D23: 16
A24: Salades | B24: Salade Caesar | C24: Poulet mariné, croûtons, avocat, œuf poché, parmesan. | D24: 14.5
A25: Poissons braisés & fruits de mer | B25: Saint-Jacques à la crème | C25: Accompagnement au choix : frites, pâtes, risotto ou légumes à la provençale. | D25: 25.5
A26: Poissons braisés & fruits de mer | B26: Daurade à la braise | C26: Accompagnement au choix : frites, pâtes, risotto ou légumes à la provençale. | D26: 23
A27: Poissons braisés & fruits de mer | B27: Tartare de saumon | C27: Accompagnement au choix : frites, pâtes, risotto ou légumes à la provençale. | D27: 17
A28: Poissons braisés & fruits de mer | B28: Tagliatelle au saumon | C28: Accompagnement au choix : frites, pâtes, risotto ou légumes à la provençale. | D28: 19.9
A29: Poissons braisés & fruits de mer | B29: Seiche grillée à la plancha | C29: Accompagnement au choix : frites, pâtes, risotto ou légumes à la provençale. | D29: 19
A30: Poissons braisés & fruits de mer | B30: Pavé de saumon à la braise | C30: Accompagnement au choix : frites, pâtes, risotto ou légumes à la provençale. | D30: 21
A31: Poissons braisés & fruits de mer | B31: Brochette duo Saint-Jacques et gambas | C31: Accompagnement au choix : frites, pâtes, risotto ou légumes à la provençale. | D31: 24.5
A32: Viandes | B32: Souris d'agneau (200 g) | D32: 22.5
A33: Viandes | B33: Entrecôte (280 g) | D33: 25.5
A34: Viandes | B34: Demi-magret de canard | D34: 17
A35: Viandes | B35: Tartare de bœuf | D35: 17
A36: Viandes | B36: Feuille d'entrecôte (180 g) | D36: 18
A37: Viandes | B37: Pièce du boucher | C37: Selon arrivage. | D37: 19
A38: Viandes | B38: Carpaccio de bœuf | D38: 17
A39: Viandes | B39: Carpaccio de bœuf royal | C39: Avec burrata. | D39: 19
A40: Viandes | B40: Brochette de bœuf mariné | D40: 19
A41: Viandes | B41: Brochette de poulet mariné | D41: 17
A42: Viandes | B42: Côte de bœuf maturée (1 kg) | C42: Pour 2 personnes. | D42: Sur demande
A43: Burgers braisés | B43: Burger de bœuf / Frites | D43: 15
A44: Burgers braisés | B44: Burger de magret / Frites | D44: 17
A45: Burgers braisés | B45: Burger V.G / Frites | D45: 14
A46: Desserts | B46: Champagne gourmand | D46: 13
A47: Desserts | B47: Café gourmand | D47: 9
A48: Desserts | B48: Thé gourmand | D48: 9
A49: Desserts | B49: Panna cotta | D49: 6
A50: Desserts | B50: Tiramisu | D50: 7
A51: Desserts | B51: Carpaccio d'ananas | D51: 7
A52: Desserts | B52: Profiteroles | D52: 9
A53: Desserts | B53: Crème brûlée | D53: 6
A54: Desserts | B54: Banoffee | D54: 7
... A59: Glaces & sorbets | B59: Colonel | D59: 8
A60: Glaces & sorbets | B60: Glace ou sorbet : 1 boule | C60: Parfum au choix. | D60: 2.9
A61: Glaces & sorbets | B61: Glace ou sorbet : 2 boules | C61: Parfums au choix. | D61: 3.9
A62: Glaces & sorbets | B62: Glace ou sorbet : 3 boules | C62: Parfums au choix. | D62: 5.9
A63: Vins rouges | B63: Château de la Salade Saint-Henri, Cuvée 1803 | C63: AOP Pic Saint-Loup. | D63: 32
A64: Vins rouges | B64: Saint-Nicolas-de-Bourgueil (75 cl) | D64: 24
A65: Vins rouges | B65: Saint-Nicolas-de-Bourgueil (37,5 cl) | D65: 13
A66: Vins rouges | B66: Château des Hospices Artemis | C66: AOP Côtes-du-Roussillon. | D66: 22
A67: Vins rouges | B67: Domaine Le Chapoutier Lubéron | C67: AOP Côtes-du-Rhône. | D67: 19
A68: Vins rouges | B68: Domaine La Croix-des-Marchands (75 cl) | C68: AOP Gaillac. | D68: 18
A69: Vins rouges | B69: Domaine La Croix-des-Marchands (37,5 cl) | C69: AOP Gaillac. | D69: 13
A70: Vins rouges | B70: Pichet ¼ de rouge | D70: 6
A71: Vins rouges | B71: Pichet ½ de rouge | D71: 8
A72: Vins rouges | B72: Vin rouge au verre | D72: 4.5
A73: Vins rosés | B73: Château Ferry Lacombe (75 cl) | C73: Côtes-de-Provence. | D73: 23
A74: Vins rosés | B74: Château Ferry Lacombe (50 cl) | C74: Côtes-de-Provence. | D74: 14
A75: Vins rosés | B75: Domaine San Pieru | C75: Corse. | D75: 19
A76: Vins rosés | B76: Vin rosé au verre | D76: 4.5
A77: Vins blancs | B77: Domaine La Croix-des-Marchands, blanc doux | C77: AOP Gaillac. | D77: 18
A78: Vins blancs | B78: Domaine La Croix-des-Marchands | C78: AOP Gaillac. | D78: 19
A79: Vins blancs | B79: Pichet ¼ de blanc | D79: 6
A80: Vins blancs | B80: Pichet ½ de blanc | D80: 8
A81: Vins blancs | B81: Vin blanc au verre | D81: 4.5
A82: Champagne | B82: Nicolas Feuillatte (coupe) | D82: 6
A83: Champagne | B83: Nicolas Feuillatte (75 cl) | D83: 45
A84: Apéritifs | B84: Cocktail du moment | D84: 7.5
A85: Apéritifs | B85: Cocktail sans alcool | D85: 5
A86: Apéritifs | B86: Martini blanc / rouge (4 cl) | D86: 5
A87: Apéritifs | B87: Whisky Jack Daniel's (4 cl) | D87: 6
A88: Apéritifs | B88: Whisky Coca (Jack Daniel's) | D88: 7.5
A89: Apéritifs | B89: Whisky Coca (Ballantine's, Clan Campbell) | D89: 5
A90: Apéritifs | B90: Rhum Coca | D90: 7
... A116: Boissons sans alcool | B116: Lipton Ice Tea | D116: 3.5
A117: Boissons sans alcool | B117: Jus de fruits | C117: Orange, pomme ou ananas. | D117: 3
A118: Boissons sans alcool | B118: Sirop | C118: Grenadine, menthe, pêche ou citron. | D118: 1.7
A119: Boissons sans alcool | B119: Eau Évian / Badoit (50 cl) | D119: 3.5
A120: Boissons sans alcool | B120: Eau Évian / Badoit (1 L) | D120: 5.9
A121: Boissons sans alcool | B121: Café | D121: 2
A122: Boissons sans alcool | B122: Thé | D122: 2.5

Sheet Résumé
A1: Résumé par catégorie
A2: Calculé à partir de l'onglet Carte : un prix modifié là-bas met ce tableau à jour. Les lignes « Sur demande » sont comptées, mais pas dans les prix.
A4: Catégorie | B4: Nombre de lignes | C4: Prix mini (€) | D4: Prix maxi (€) | E4: Prix moyen (€)
A5: Formules | B5: =COUNTIF(Carte!$A$5:$A$122,A5) -> 4 | C5: =IFERROR(_xlfn.MINIFS(Carte!$D$5:$D$122,Carte!$A$5:$A$122,A5),"-") -> 9.9 | D5: =IFERROR(_xlfn.MAXIFS(Carte!$D$5:$D$122,Carte!$A$5:$A$122,A5),"-") -> 16.9 | E5: =IFERROR(AVERAGEIFS(Carte!$D$5:$D$122,Carte!$A$5:$A$122,A5),"-") -> 12.9
A6: À partager | B6: =COUNTIF(Carte!$A$5:$A$122,A6) -> 10 | C6: =IFERROR(_xlfn.MINIFS(Carte!$D$5:$D$122,Carte!$A$5:$A$122,A6),"-") -> 5 | D6: =IFERROR(_xlfn.MAXIFS(Carte!$D$5:$D$122,Carte!$A$5:$A$122,A6),"-") -> 17 | E6: =IFERROR(AVERAGEIFS(Carte!$D$5:$D$122,Carte!$A$5:$A$122,A6),"-") -> 8.5
A7: Mer | B7: =COUNTIF(Carte!$A$5:$A$122,A7) -> 3 | C7: =IFERROR(_xlfn.MINIFS(Carte!$D$5:$D$122,Carte!$A$5:$A$122,A7),"-") -> 7 | D7: =IFERROR(_xlfn.MAXIFS(Carte!$D$5:$D$122,Carte!$A$5:$A$122,A7),"-") -> 11 | E7: =IFERROR(AVERAGEIFS(Carte!$D$5:$D$122,Carte!$A$5:$A$122,A7),"-") -> 8.6666667
A8: Salades | B8: =COUNTIF(Carte!$A$5:$A$122,A8) -> 3 | C8: =IFERROR(_xlfn.MINIFS(Carte!$D$5:$D$122,Carte!$A$5:$A$122,A8),"-") -> 14.5 | D8: =IFERROR(_xlfn.MAXIFS(Carte!$D$5:$D$122,Carte!$A$5:$A$122,A8),"-") -> 16 | E8: =IFERROR(AVERAGEIFS(Carte!$D$5:$D$122,Carte!$A$5:$A$122,A8),"-") -> 15.5
A9: Poissons braisés & fruits de mer | B9: =COUNTIF(Carte!$A$5:$A$122,A9) -> 7 | C9: =IFERROR(_xlfn.MINIFS(Carte!$D$5:$D$122,Carte!$A$5:$A$122,A9),"-") -> 17 | D9: =IFERROR(_xlfn.MAXIFS(Carte!$D$5:$D$122,Carte!$A$5:$A$122,A9),"-") -> 25.5 | E9: =IFERROR(AVERAGEIFS(Carte!$D$5:$D$122,Carte!$A$5:$A$122,A9),"-") -> 21.414286
A10: Viandes | B10: =COUNTIF(Carte!$A$5:$A$122,A10) -> 11 | C10: =IFERROR(_xlfn.MINIFS(Carte!$D$5:$D$122,Carte!$A$5:$A$122,A10),"-") -> 17 | D10: =IFERROR(_xlfn.MAXIFS(Carte!$D$5:$D$122,Carte!$A$5:$A$122,A10),"-") -> 25.5 | E10: =IFERROR(AVERAGEIFS(Carte!$D$5:$D$122,Carte!$A$5:$A$122,A10),"-") -> 19.1
A11: Burgers braisés | B11: =COUNTIF(Carte!$A$5:$A$122,A11) -> 3 | C11: =IFERROR(_xlfn.MINIFS(Carte!$D$5:$D$122,Carte!$A$5:$A$122,A11),"-") -> 14 | D11: =IFERROR(_xlfn.MAXIFS(Carte!$D$5:$D$122,Carte!$A$5:$A$122,A11),"-") -> 17 | E11: =IFERROR(AVERAGEIFS(Carte!$D$5:$D$122,Carte!$A$5:$A$122,A11),"-") -> 15.333333
A12: Desserts | B12: =COUNTIF(Carte!$A$5:$A$122,A12) -> 10 | C12: =IFERROR(_xlfn.MINIFS(Carte!$D$5:$D$122,Carte!$A$5:$A$122,A12),"-") -> 6 | D12: =IFERROR(_xlfn.MAXIFS(Carte!$D$5:$D$122,Carte!$A$5:$A$122,A12),"-") -> 13 | E12: =IFERROR(AVERAGEIFS(Carte!$D$5:$D$122,Carte!$A$5:$A$122,A12),"-") -> 8.15
A13: Glaces & sorbets | B13: =COUNTIF(Carte!$A$5:$A$122,A13) -> 7 | C13: =IFERROR(_xlfn.MINIFS(Carte!$D$5:$D$122,Carte!$A$5:$A$122,A13),"-") -> 2.9 | D13: =IFERROR(_xlfn.MAXIFS(Carte!$D$5:$D$122,Carte!$A$5:$A$122,A13),"-") -> 8 | E13: =IFERROR(AVERAGEIFS(Carte!$D$5:$D$122,Carte!$A$5:$A$122,A13),"-") -> 5.9571429
A14: Vins rouges | B14: =COUNTIF(Carte!$A$5:$A$122,A14) -> 10 | C14: =IFERROR(_xlfn.MINIFS(Carte!$D$5:$D$122,Carte!$A$5:$A$122,A14),"-") -> 4.5 | D14: =IFERROR(_xlfn.MAXIFS(Carte!$D$5:$D$122,Carte!$A$5:$A$122,A14),"-") -> 32 | E14: =IFERROR(AVERAGEIFS(Carte!$D$5:$D$122,Carte!$A$5:$A$122,A14),"-") -> 15.95
A15: Vins rosés | B15: =COUNTIF(Carte!$A$5:$A$122,A15) -> 4 | C15: =IFERROR(_xlfn.MINIFS(Carte!$D$5:$D$122,Carte!$A$5:$A$122,A15),"-") -> 4.5 | D15: =IFERROR(_xlfn.MAXIFS(Carte!$D$5:$D$122,Carte!$A$5:$A$122,A15),"-") -> 23 | E15: =IFERROR(AVERAGEIFS(Carte!$D$5:$D$122,Carte!$A$5:$A$122,A15),"-") -> 15.125
A16: Vins blancs | B16: =COUNTIF(Carte!$A$5:$A$122,A16) -> 5 | C16: =IFERROR(_xlfn.MINIFS(Carte!$D$5:$D$122,Carte!$A$5:$A$122,A16),"-") -> 4.5 | D16: =IFERROR(_xlfn.MAXIFS(Carte!$D$5:$D$122,Carte!$A$5:$A$122,A16),"-") -> 19 | E16: =IFERROR(AVERAGEIFS(Carte!$D$5:$D$122,Carte!$A$5:$A$122,A16),"-") -> 11.1
... A21: Boissons sans alcool | B21: =COUNTIF(Carte!$A$5:$A$122,A21) -> 10 | C21: =IFERROR(_xlfn.MINIFS(Carte!$D$5:$D$122,Carte!$A$5:$A$122,A21),"-") -> 1.7 | D21: =IFERROR(_xlfn.MAXIFS(Carte!$D$5:$D$122,Carte!$A$5:$A$122,A21),"-") -> 5.9 | E21: =IFERROR(AVERAGEIFS(Carte!$D$5:$D$122,Carte!$A$5:$A$122,A21),"-") -> 3.26
A22: Total | B22: =SUM(B5:B21) -> 118
